{
  "graph": {
    "adj_matrix": [
      [1, 1, 1, 1],
      [1, 1, 0, 0],
      [1, 0, 1, 0],
      [1, 0, 0, 1]
    ],
    "targets": [0, 1, 1, 1],
    "attack_duration": [2, 2, 2, 2]
  },
  "iterations": [10000, 20000, 30000, 40000, 50000, 60000, 70000, 80000, 90000, 100000],
  "exploitability": [0.000235959, 0.000149164, 0.000125351, 8.65855e-05, 6.68982e-05, 6.33671e-05, 5.28035e-05, 5.59474e-05, 4.81921e-05, 4.52812e-05],
  "policy": {
    "p=0|def_hist=1,0,3": {"0": 0.5, "3": 0.5},
    "p=0|def_hist=2,0,1": {"0": 0.5, "1": 0.5},
    "p=0|def_hist=1,0,2": {"0": 0.5, "2": 0.5},
    "p=1|def_hist=2,0": {"0": 4.72081e-06, "1": 0.166697, "2": 0.666602, "3": 0.166697},
    "p=0|def_hist=1,0,0": {"0": 1.99188e-06, "1": 0.999994, "2": 1.99188e-06, "3": 1.99188e-06},
    "p=0|def_hist=1,1": {"0": 0.924805, "1": 0.0751951},
    "p=0|def_hist=3,0,0": {"0": 1.99188e-06, "1": 1.99188e-06, "2": 1.99188e-06, "3": 0.999994},
    "p=0|def_hist=1": {"0": 0.999967, "1": 3.32469e-05},
    "p=0|def_hist=2,2": {"0": 0.924805, "2": 0.0751951},
    "p=1|def_hist=1": {"0": 5.83333e-06, "1": 2.5e-06, "2": 0.499996, "3": 0.499996},
    "p=0|def_hist=0,0,2": {"0": 0.5, "2": 0.5},
    "p=0|def_hist=0,3,3": {"0": 0.5, "3": 0.5},
    "p=0|def_hist=3,3,3": {"0": 0.5, "3": 0.5},
    "p=0|def_hist=0,2,0": {"0": 9.37498e-07, "1": 0.500005, "2": 9.37498e-07, "3": 0.499993},
    "p=0|def_hist=3,3,0": {"0": 0.0203273, "1": 0.479673, "2": 0.479673, "3": 0.0203273},
    "p=0|def_hist=0,2,2": {"0": 0.5, "2": 0.5},
    "p=0|def_hist=0,1,0": {"0": 9.37499e-07, "1": 9.37499e-07, "2": 0.499996, "3": 0.500003},
    "p=0|def_hist=0,0,0": {"0": 0.25, "1": 0.25, "2": 0.25, "3": 0.25},
    "p=0|def_hist=1,1,1": {"0": 0.5, "1": 0.5},
    "p=1|def_hist=0": {"0": 2.5e-06, "1": 0.333293, "2": 0.333307, "3": 0.333397},
    "p=0|def_hist=0": {"0": 2.5e-06, "1": 0.333335, "2": 0.333335, "3": 0.333327},
    "p=1|def_hist=0,2": {"0": 0.333332, "1": 0.333338, "2": 2.5e-06, "3": 0.333327},
    "p=0|def_hist=0,0": {"0": 0.25, "1": 0.25, "2": 0.25, "3": 0.25},
    "p=1|def_hist=0,1": {"0": 0.333332, "1": 2.5e-06, "2": 0.333328, "3": 0.333337},
    "p=1|def_hist=0,3": {"0": 0.333329, "1": 0.333351, "2": 0.333317, "3": 2.5e-06},
    "p=0|def_hist=0,3": {"0": 0.999996, "3": 3.75007e-06},
    "p=0|def_hist=3,0": {"0": 0.156892, "1": 0.333376, "2": 0.333376, "3": 0.176356},
    "p=0|def_hist=2,0,2": {"0": 0.5, "2": 0.5},
    "p=0|def_hist=2,0,3": {"0": 0.5, "3": 0.5},
    "p=1|def_hist=2,2": {"0": 0.333332, "1": 0.333332, "2": 5e-06, "3": 0.333332},
    "p=0|def_hist=2,0": {"0": 0.156892, "1": 0.333376, "2": 0.176356, "3": 0.333376},
    "p=0|def_hist=2,2,2": {"0": 0.5, "2": 0.5},
    "p=1|def_hist=3": {"0": 5.83333e-06, "1": 0.499996, "2": 0.499996, "3": 2.5e-06},
    "p=0|def_hist=2,2,0": {"0": 0.0203273, "1": 0.479673, "2": 0.0203273, "3": 0.479673},
    "p=0|def_hist=3,3": {"0": 0.924805, "3": 0.0751951},
    "p=0|def_hist=1,1,0": {"0": 0.0203273, "1": 0.0203273, "2": 0.479673, "3": 0.479673},
    "p=0|def_hist=3,0,1": {"0": 0.5, "1": 0.5},
    "p=0|def_hist=0,2": {"0": 0.999996, "2": 3.74998e-06},
    "p=0|def_hist=3,0,2": {"0": 0.5, "2": 0.5},
    "p=0|def_hist=3,0,3": {"0": 0.5, "3": 0.5},
    "p=1|def_hist=3,0": {"0": 4.72081e-06, "1": 0.166697, "2": 0.166697, "3": 0.666602},
    "p=0|def_hist=3": {"0": 0.999967, "3": 3.32469e-05},
    "p=1|def_hist=3,3": {"0": 0.333332, "1": 0.333332, "2": 0.333332, "3": 5e-06},
    "p=0|def_hist=2,0,0": {"0": 1.99188e-06, "1": 1.99188e-06, "2": 0.999994, "3": 1.99188e-06},
    "p=1|def_hist=1,1": {"0": 0.333332, "1": 5e-06, "2": 0.333332, "3": 0.333332},
    "p=1|def_hist=2": {"0": 5.83333e-06, "1": 0.499996, "2": 2.5e-06, "3": 0.499996},
    "p=0|def_hist=0,0,1": {"0": 0.5, "1": 0.5},
    "p=0|def_hist=0,0,3": {"0": 0.5, "3": 0.5},
    "p=0|def_hist=0,3,0": {"0": 9.37521e-07, "1": 0.500037, "2": 0.499961, "3": 9.37521e-07},
    "p=0|def_hist=1,0,1": {"0": 0.5, "1": 0.5},
    "p=0|def_hist=0,1,1": {"0": 0.5, "1": 0.5},
    "p=0|def_hist=1,0": {"0": 0.156892, "1": 0.176356, "2": 0.333376, "3": 0.333376},
    "p=0|def_hist=0,1": {"0": 0.999996, "1": 3.74998e-06},
    "p=1|def_hist=0,0": {"0": 0.25, "1": 0.25, "2": 0.25, "3": 0.25},
    "p=1|def_hist=1,0": {"0": 4.72081e-06, "1": 0.666602, "2": 0.166697, "3": 0.166697},
    "p=0|def_hist=2": {"0": 0.999967, "2": 3.32469e-05}
  }
}
